audit_id,stratum,DISTRICT,OFFICE,DOCKET,CIRCUIT,FILEDATE,TERMDATE,NOS,ORIGIN,JURIS,RESIDENC,DEF,PLT,DISP,JUDGMENT,label,y_settle,corporate_rule,case_key,gold_label,gold_notes,auditor
1,disp_13,12,2,1815624,3,11/02/2018,04/30/2019,160,1,4,15,"NEWS COMMUNICATIONS, IN, ET AL",BERSHAD,13,0,settled_out_of_court,1,corporate_via_residence,12|2|1815624,,,
2,disp_13,12,2,1916751,3,08/15/2019,12/17/2020,160,1,3,missing,"COCRYSTAL PHARMA, INC., ET AL","NICHOLS, ET AL",13,0,settled_out_of_court,1,name_suffix,12|2|1916751,,,
3,disp_13,16,1,1403088,4,09/30/2014,03/13/2015,160,1,4,34,"EGGSPECTATION RESTAURAN, ET AL","JIMMY SKINDILIAS FAMILY, ET AL",13,0,settled_out_of_court,1,corporate_via_residence,16|1|1403088,,,
4,disp_13,22,1,1800642,4,05/30/2018,04/04/2019,160,1,3,missing,"PSI INTERNATIONAL, INC., ET AL","CHUNG, ET AL",13,0,settled_out_of_court,1,name_suffix,22|1|1800642,,,
5,disp_13,3A,6,1300264,11,02/15/2013,11/01/2013,160,1,3,missing,PULTE HOME CORPORATION,"CRAFT, ET AL",13,0,settled_out_of_court,1,name_suffix,3A|6|1300264,,,
6,disp_13,3A,6,1300267,11,02/15/2013,11/01/2013,160,1,3,missing,PULTE HOME CORPORATION,"FARKAS, ET AL",13,0,settled_out_of_court,1,name_suffix,3A|6|1300267,,,
7,disp_13,3A,6,1300276,11,02/19/2013,11/01/2013,160,1,3,missing,PULTE HOME CORPORATION,PULMANO,13,0,settled_out_of_court,1,name_suffix,3A|6|1300276,,,
8,disp_13,3C,0,1361596,11,07/23/2013,04/04/2014,160,5,4,35,"KATES, ET AL","CASVILLE INVESTMENTS, L, ET AL",13,0,settled_out_of_court,1,corporate_via_residence,3C|0|1361596,,,
9,disp_13,40,6,1400245,5,02/20/2014,06/01/2016,160,1,4,64,"LU, ET AL",PERSSON,13,0,settled_out_of_court,1,corporate_via_residence,40|6|1400245,,,
10,disp_13,41,4,1403442,5,12/01/2014,03/15/2022,160,1,4,24,"WRIGHT, ET AL","HACK, ET AL",13,0,settled_out_of_court,1,corporate_via_residence,41|4|1403442,,,
11,disp_13,45,2,1513287,6,09/16/2015,08/30/2016,160,1,4,24,"RELIANCE RUBBER INDUSTR, ET AL",LAKHANI,13,0,settled_out_of_court,1,corporate_via_residence,45|2|1513287,,,
12,disp_13,52,1,1108114,7,11/14/2011,05/22/2014,160,1,4,24,"WHITE, ET AL","CHESTER COUNTY EMPLOYEE, ET AL",13,0,settled_out_of_court,1,corporate_via_residence,52|1|1108114,,,
13,disp_13,52,1,1705026,7,07/06/2017,07/17/2017,160,5,3,missing,"AKORN, INC., ET AL",PULLOS,13,0,settled_out_of_court,1,name_suffix,52|1|1705026,,,
14,disp_13,52,1,1803598,7,05/21/2018,03/14/2022,160,1,4,24,"WILSON, ET AL",PETERSEN,13,0,settled_out_of_court,1,corporate_via_residence,52|1|1803598,,,
15,disp_13,73,5,1300833,9,05/03/2013,05/28/2013,160,1,4,24,"SACKS, ET AL",SPITZER,13,0,settled_out_of_court,1,corporate_via_residence,73|5|1300833,,,
16,disp_13,80,2,0903110,9,11/16/2009,04/05/2010,160,1,4,15,"KESSELRING HOLDING CORP, ET AL","KING, ET AL",13,-8,settled_out_of_court,1,name_suffix,80|2|0903110,,,
17,disp_13,87,5,1700881,10,08/16/2017,03/22/2019,160,1,4,24,"PATEL, ET AL",PATEL,13,0,settled_out_of_court,1,corporate_via_residence,87|5|1700881,,,
18,disp_13,04,3,1001556,1,06/18/2010,08/30/2011,410,1,3,missing,"HORIZON LINES, LLC, ET AL","CARIBBEAN PRODUCE EXCHANGE, IN",13,0,settled_out_of_court,1,name_suffix,04|3|1001556,,,
19,disp_13,07,1,1303474,2,06/19/2013,06/18/2015,410,6,3,missing,"VISA INC., ET AL","SHOP RITE,INC.;, ET AL",13,0,settled_out_of_court,1,name_suffix,07|1|1303474,,,
20,disp_13,07,1,1401980,2,03/28/2014,10/14/2015,410,6,3,missing,"VISA INC., ET AL","EINSTEIN NOAH RESTAURAN, ET AL",13,0,settled_out_of_court,1,name_suffix,07|1|1401980,,,
21,disp_13,08,1,1109563,2,12/28/2011,02/06/2015,410,6,3,missing,"APPLE INC., ET AL",RUANE-GONZALES,13,0,settled_out_of_court,1,name_suffix,08|1|1109563,,,
22,disp_13,3A,3,1201182,11,10/29/2012,11/21/2013,410,1,3,missing,"SEA STAR LINE, LLC, ET AL","WALGREEN CO., ET AL",13,0,settled_out_of_court,1,name_suffix,3A|3|1201182,,,
23,disp_13,3A,3,1500759,11,06/23/2015,11/09/2021,410,5,3,missing,"NOVARTIS CORPORATION, ET AL",GROSSMAN,13,0,settled_out_of_court,1,name_suffix,3A|3|1500759,,,
24,disp_13,3A,3,1500791,11,06/26/2015,10/25/2022,410,5,3,missing,"COOPER VISION, INC., ET AL",CASTILLO,13,0,settled_out_of_court,1,name_suffix,3A|3|1500791,,,
25,disp_13,41,4,1503385,5,11/16/2015,07/12/2016,410,1,3,missing,AMERICAN GILSONITE COMPANY,"CHEMJECT INTERNATIONAL, ET AL",13,0,settled_out_of_court,1,name_suffix,41|4|1503385,,,
26,disp_13,45,2,1210784,6,02/21/2012,05/19/2020,410,1,3,missing,"YAZAKI CORPORATION, ET AL",ZACCAGNINO ELECTRIC,13,0,settled_out_of_court,1,name_suffix,45|2|1210784,,,
27,disp_13,45,2,1210967,6,03/02/2012,05/19/2020,410,1,3,missing,"DENSO CORPORATION, ET AL","VANKIRK, ET AL",13,0,settled_out_of_court,1,name_suffix,45|2|1210967,,,
28,disp_13,45,2,1212263,6,05/23/2012,01/27/2021,410,1,3,missing,"JTEKT CORPORATION, ET AL",KAUFMAN,13,0,settled_out_of_court,1,name_suffix,45|2|1212263,,,
29,disp_13,45,2,1311262,6,03/21/2013,05/28/2020,410,1,3,missing,"NIPPON SEIKI CO., LTD., ET AL","RAINBOW CHEVROLET, INC., ET AL",13,0,settled_out_of_court,1,name_suffix,45|2|1311262,,,
30,disp_13,45,2,1410600,6,02/07/2014,06/08/2020,410,1,3,missing,"PANASONIC CORPORATION, ET AL","MARTENS CARS OF WASHING, ET AL",13,0,settled_out_of_court,1,name_suffix,45|2|1410600,,,
31,disp_13,45,2,1912437,6,08/19/2019,02/23/2022,410,6,3,missing,FORD MOTOR COMPANY,NAPIER,13,0,settled_out_of_court,1,name_suffix,45|2|1912437,,,
32,disp_13,64,0,1201402,8,06/13/2012,10/15/2012,410,5,3,missing,"ANYTIME FITNESS, LLC","BLISS REED ENTERPRISES , ET AL",13,0,settled_out_of_court,1,name_suffix,64|0|1201402,,,
33,disp_13,73,2,1903957,9,05/06/2019,02/08/2022,410,5,3,missing,"GLOBAL MUSIC RIGHTS, LLC","RADIO MUSIC LICENSE COM, ET AL",13,0,settled_out_of_court,1,name_suffix,73|2|1903957,,,
34,disp_13,74,3,1101061,9,05/13/2011,11/09/2011,410,1,3,missing,ELI LILLY AND COMPANY,"AMYLIN PHARMACEUTICALS, INC.",13,0,settled_out_of_court,1,name_suffix,74|3|1101061,,,
35,disp_13,08,1,1203741,2,05/10/2012,07/16/2012,850,1,3,missing,"PERFECT WORLD CO., LTD., ET AL",HONG,13,0,settled_out_of_court,1,name_suffix,08|1|1203741,,,
36,disp_13,08,1,1207811,2,10/19/2012,08/04/2016,850,6,3,missing,"NASDAQ STOCK MARKET, INC.",TRAN,13,0,settled_out_of_court,1,name_suffix,08|1|1207811,,,
37,disp_13,13,2,1505427,3,10/01/2015,04/13/2016,850,1,3,missing,"USA TECHNOLOGIES, INC., ET AL","MESSNER, ET AL",13,0,settled_out_of_court,1,name_suffix,13|2|1505427,,,
38,disp_13,13,2,1702676,3,06/14/2017,07/19/2017,850,1,3,missing,"VWR CORPORATION, ET AL",BERG,13,0,settled_out_of_court,1,name_suffix,13|2|1702676,,,
39,disp_13,16,8,1801514,4,05/25/2018,08/28/2018,850,1,3,missing,"MTGE INVESTMENT CORP., ET AL",POECK,13,0,settled_out_of_court,1,name_suffix,16|8|1801514,,,
40,disp_13,49,3,1700494,6,11/13/2017,01/19/2018,850,1,3,missing,"RUBY TUESDAY, INC., ET AL","RAUL, ET AL",13,0,settled_out_of_court,1,name_suffix,49|3|1700494,,,
41,disp_13,50,3,1000463,6,05/12/2010,06/05/2012,850,1,3,missing,"BANCORPSOUTH, INC., ET AL",WINSLOW,13,0,settled_out_of_court,1,name_suffix,50|3|1000463,,,
42,disp_13,73,2,1101331,9,02/11/2011,09/20/2012,850,1,3,missing,"CHINA AGRITECH, INC., ET AL","DEAN, ET AL",13,0,settled_out_of_court,1,name_suffix,73|2|1101331,,,
43,disp_13,73,2,1403183,9,04/25/2014,08/03/2015,850,1,3,missing,"GROWLIFE, INC., ET AL",YOUNG,13,0,settled_out_of_court,1,name_suffix,73|2|1403183,,,
44,disp_13,73,2,1404112,9,05/29/2014,08/03/2015,850,1,3,missing,"GROWLIFE, INC., ET AL","WOLF , ET AL",13,0,settled_out_of_court,1,name_suffix,73|2|1404112,,,
45,disp_13,73,8,1500865,9,06/03/2015,11/02/2021,850,1,3,missing,"PUMA BIOTECHNOLOGY, INC, ET AL","HSU, ET AL",13,0,settled_out_of_court,1,name_suffix,73|8|1500865,,,
46,disp_13,74,3,1200564,9,03/06/2012,08/01/2012,850,1,3,missing,"ILLUMINA, INC., ET AL",DERFLER,13,0,settled_out_of_court,1,name_suffix,74|3|1200564,,,
47,disp_13,78,2,0902322,9,12/08/2009,05/17/2010,850,2,3,missing,"SINOENERGY CORPORATION, ET AL",GRABOWSKI,13,-8,settled_out_of_court,1,name_suffix,78|2|0902322,,,
48,disp_13,78,2,1102078,9,12/22/2011,12/31/2015,850,1,3,missing,"OPPENHEIMER & CO., INC., ET AL",RICHARDSON,13,0,settled_out_of_court,1,name_suffix,78|2|1102078,,,
49,disp_13,82,1,1802300,10,09/06/2018,09/23/2019,850,1,3,missing,"QURATE RETAIL, INC., ET AL","BRISTOL COUNTY RETIREME, ET AL",13,0,settled_out_of_court,1,name_suffix,82|1|1802300,,,
50,disp_13,85,4,1700183,10,04/07/2017,06/14/2017,850,1,3,missing,"ONEOK PARTNERS, L.P., ET AL",FEDERMAN,13,0,settled_out_of_court,1,name_suffix,85|4|1700183,,,
51,disp_12,01,1,1011046,1,06/18/2010,09/02/2010,160,1,4,24,"ESTY, ET AL",MANUSZAK,12,-8,voluntary_dismissal,0,corporate_via_residence,01|1|1011046,,,
52,disp_12,01,1,1710050,1,01/11/2017,03/17/2017,410,1,3,missing,"SHIRE LLC, ET AL","ROCHESTER DRUG CO-OPERATIVE, I",12,0,voluntary_dismissal,0,name_suffix,01|1|1710050,,,
53,disp_12,07,1,1801893,2,03/28/2018,12/19/2018,850,1,3,missing,"GIBRALTAR INDUSTRIES, INC.",STEIN,12,0,voluntary_dismissal,0,name_suffix,07|1|1801893,,,
54,disp_12,08,1,1003024,2,04/08/2010,06/10/2010,850,1,3,missing,"FUQI INTERNATIONAL, INC, ET AL","COOPER, ET AL",12,-8,voluntary_dismissal,0,name_suffix,08|1|1003024,,,
55,disp_12,08,1,1603214,2,04/29/2016,10/06/2016,850,1,3,missing,"RUBY TUESDAY, INC., ET AL","JACOB, ET AL",12,0,voluntary_dismissal,0,name_suffix,08|1|1603214,,,
56,disp_12,08,1,1608123,2,10/18/2016,12/19/2016,850,1,3,missing,"GOLDCORP INC., ET AL","WHITE, ET AL",12,0,voluntary_dismissal,0,name_suffix,08|1|1608123,,,
57,disp_12,08,1,2002363,2,03/17/2020,06/25/2020,850,1,3,missing,"DELPHI TECHNOLOGIES PLC, ET AL",COSTA,12,0,voluntary_dismissal,0,name_suffix,08|1|2002363,,,
58,disp_12,08,1,2003359,2,04/29/2020,09/28/2020,850,1,3,missing,"MOBILE MINI, INC., ET AL",STILLMAN,12,0,voluntary_dismissal,0,name_suffix,08|1|2003359,,,
59,disp_12,08,1,2107348,2,09/01/2021,10/01/2021,850,1,3,missing,"INTERSECT ENT, INC., ET AL",WANG,12,0,voluntary_dismissal,0,name_suffix,08|1|2107348,,,
60,disp_12,11,1,1801740,3,11/02/2018,12/11/2018,850,1,3,missing,"SONIC CORP., ET AL",FEDERMAN,12,0,voluntary_dismissal,0,name_suffix,11|1|1801740,,,
61,disp_12,12,2,1913471,3,06/06/2019,08/30/2019,410,1,3,missing,STONE POINT CAPITAL LLC,SPINNER CONSULTING LLC,12,0,voluntary_dismissal,0,name_suffix,12|2|1913471,,,
62,disp_12,13,2,1300816,3,02/14/2013,08/06/2013,410,1,3,missing,"USG CORPORATION, ET AL","UTICA DRYWALL PRODUCTS, INC.",12,0,voluntary_dismissal,0,name_suffix,13|2|1300816,,,
63,disp_12,16,8,1801528,4,05/25/2018,08/29/2018,850,1,3,missing,"MTGE INVESTMENT CORP., ET AL",DELL'ACQUA,12,0,voluntary_dismissal,0,name_suffix,16|8|1801528,,,
64,disp_12,3C,1,1222527,11,07/09/2012,07/20/2012,160,1,3,missing,"ONTECO CORPORATION, ET AL",KAMMONA,12,0,voluntary_dismissal,0,name_suffix,3C|1|1222527,,,
65,disp_12,3C,1,1620431,11,02/05/2016,02/29/2016,410,1,3,missing,"LUDECA, INC.","PRUFTECHNIK, INC., ET AL",12,0,voluntary_dismissal,0,name_suffix,3C|1|1620431,,,
66,disp_12,41,4,1201837,5,06/20/2012,02/25/2021,850,6,3,missing,"BP AMERICA, INC., ET AL","OHIO PUBLIC EMPLOYEES R, ET AL",12,0,voluntary_dismissal,0,name_suffix,41|4|1201837,,,
67,disp_12,52,1,1802490,7,04/06/2018,09/14/2022,850,13,3,missing,"CBOE EXCHANGE, INC., ET AL",PALATIELLO,12,0,voluntary_dismissal,0,name_suffix,52|1|1802490,,,
68,disp_12,64,0,1502664,8,06/05/2015,03/27/2019,160,1,4,24,"JOLY, ET AL",TRAN,12,0,voluntary_dismissal,0,corporate_via_residence,64|0|1502664,,,
69,disp_12,67,8,1700400,8,10/19/2017,11/01/2017,850,1,3,missing,"PEPPERJAX HOLDINGS, LLC, ET AL","ROWHER, ET AL",12,0,voluntary_dismissal,0,name_suffix,67|8|1700400,,,
70,disp_12,71,3,1401572,9,04/04/2014,07/02/2014,410,5,3,missing,"TEIKOKU PHARMA USA, INC, ET AL",PIRELLI ARMSTRONG RETIREE MEDI,12,0,voluntary_dismissal,0,name_suffix,71|3|1401572,,,
71,disp_12,71,3,1804035,9,07/05/2018,07/13/2018,850,1,3,missing,"PROTHENA CORPORATION PL, ET AL",RAMEZANI,12,0,voluntary_dismissal,0,name_suffix,71|3|1804035,,,
72,disp_12,71,4,1303041,9,07/02/2013,10/02/2013,410,1,3,missing,"US AIRWAYS GROUP, INC., ET AL","FJORD, ET AL",12,0,voluntary_dismissal,0,name_suffix,71|4|1303041,,,
73,disp_12,71,5,1002702,9,06/21/2010,01/05/2011,850,1,3,missing,"CANADIAN SOLAR, INC., ET AL","SHRESTHA, ET AL",12,0,voluntary_dismissal,0,name_suffix,71|5|1002702,,,
74,disp_12,73,2,1804954,9,06/04/2018,06/19/2018,850,1,3,missing,"COLONY NORTHSTAR, INC., ET AL",IBEW LOCAL NO. 640 AND ARIZONA,12,0,voluntary_dismissal,0,name_suffix,73|2|1804954,,,
75,disp_12,74,3,1800082,9,01/12/2018,08/10/2018,850,1,3,missing,"IGNYTA, INC., ET AL","WIMBERLY VENTURES, LLC, ET AL",12,0,voluntary_dismissal,0,name_suffix,74|3|1800082,,,
76,disp_5,01,1,1111649,1,09/19/2011,02/17/2015,850,1,1,missing,"K2 UNLIMITED, INC., ET AL","SECURITIES AND EXCHANGE, ET AL",5,1,consent_judgment,0,name_suffix,01|1|1111649,,,
77,disp_5,01,1,1413490,1,08/26/2014,09/25/2015,850,1,3,missing,"COVIDIEN PLC., ET AL",ROSENFELD FAMILY FOUNDATION,5,3,consent_judgment,0,name_suffix,01|1|1413490,,,
78,disp_5,01,1,1711817,1,09/22/2017,09/25/2017,850,1,1,missing,"AEGERION PHARMACEUTICALS, INC.",SECURITIES AND EXCHANGE COMMIS,5,1,consent_judgment,0,name_suffix,01|1|1711817,,,
79,disp_5,05,3,1801180,2,07/18/2018,06/30/2020,850,1,1,missing,"TEMENOS ADVISORY, INC., ET AL",SECURITIES & EXCHANGE COMMISSI,5,1,consent_judgment,0,name_suffix,05|3|1801180,,,
80,disp_5,08,1,1000458,2,01/20/2010,01/25/2010,850,1,1,missing,GENERAL RE CORPORATION,SECURITY AND EXCHANGE COMMISSI,5,1,consent_judgment,0,name_suffix,08|1|1000458,,,
81,disp_5,08,1,1100324,2,01/18/2011,06/10/2016,160,1,4,34,"NEW TREND APPAREL, INC., ET AL","CHEN, ET AL",5,1,consent_judgment,0,name_suffix,08|1|1100324,,,
82,disp_5,08,1,1808914,2,09/28/2018,12/04/2020,850,1,1,missing,"TFS-ICAP, LLC, ET AL",COMMODITY FUTURES TRADING COMM,5,1,consent_judgment,0,name_suffix,08|1|1808914,,,
83,disp_5,11,1,1600112,3,02/26/2016,03/17/2022,850,1,3,missing,"NAVIENT CORPORATION, ET AL","LORD ABBETT AFFILIATED , ET AL",5,1,consent_judgment,0,name_suffix,11|1|1600112,,,
84,disp_5,22,1,1300461,4,04/16/2013,04/23/2013,850,1,1,missing,PARKER DRILLING COMPANY,SECURITIES AND EXCHANGE COMMIS,5,1,consent_judgment,0,name_suffix,22|1|1300461,,,
85,disp_5,39,4,1100244,5,04/12/2011,08/16/2013,410,1,3,missing,"TRAVELPORT LIMITED, ET AL",AMERICAN AIRLINES INC,5,3,consent_judgment,0,name_suffix,39|4|1100244,,,
86,disp_5,3C,9,1081615,11,12/22/2010,08/29/2011,850,1,1,missing,"PHARMA HOLDINGS, INC., ET AL",SECURITIES AND EXCHANGE COMMIS,5,1,consent_judgment,0,name_suffix,3C|9|1081615,,,
87,disp_5,3E,1,1804486,11,09/25/2018,12/21/2020,160,1,4,45,"PETIT, ET AL","EVANS, ET AL",5,4,consent_judgment,0,corporate_via_residence,3E|1|1804486,,,
88,disp_5,42,1,1301082,5,12/23/2013,01/02/2014,410,1,3,missing,"SERVICE CORPORATION INT, ET AL","THE STATE OF FLORIDA, ET AL",5,1,consent_judgment,0,name_suffix,42|1|1301082,,,
89,disp_5,52,1,1000825,7,02/08/2010,04/16/2014,410,6,3,missing,"CSL LIMITED, ET AL","BARNES DRUG STORES OF V, ET AL",5,1,consent_judgment,0,name_suffix,52|1|1000825,,,
90,disp_5,52,1,1003975,7,06/25/2010,04/16/2014,410,1,3,missing,"CSL LIMITED, ET AL","BETH ISRAEL MEDICAL CEN, ET AL",5,1,consent_judgment,0,name_suffix,52|1|1003975,,,
91,disp_5,52,1,1004557,7,07/22/2010,01/09/2014,850,1,1,missing,"NEW WORLD HOLDINGS, LLC, ET AL",U.S. COMMODITY FUTURES TRADING,5,1,consent_judgment,0,name_suffix,52|1|1004557,,,
92,disp_5,65,4,1001342,8,07/23/2010,09/16/2011,850,1,3,missing,"TELE-MED EXPERTS, LLC, ET AL","FIVE D TRUST, THE",5,1,consent_judgment,0,name_suffix,65|4|1001342,,,
93,disp_5,71,3,1601672,9,04/04/2016,11/01/2016,410,1,1,missing,"VA PARTNERS I, LLC, ET AL",UNITED STATES OF AMERICA,5,1,consent_judgment,0,name_suffix,71|3|1601672,,,
94,disp_5,74,3,1801005,9,05/21/2018,05/24/2018,850,1,1,missing,"BUD GENIUS, INC. , ET AL",UNITED STATES SECURITIES AND E,5,1,consent_judgment,0,name_suffix,74|3|1801005,,,
95,disp_5,81,2,1501350,9,08/24/2015,07/12/2019,850,1,1,missing,"PATH AMERICA, LLC, ET AL","SECURITIES AND EXCHANGE, ET AL",5,1,consent_judgment,0,name_suffix,81|2|1501350,,,
96,disp_5,90,1,1000295,0,02/24/2010,07/13/2010,410,1,1,missing,"BEMIS COMPANY, INC., ET AL",UNITED STATES OF AMERICA,5,1,consent_judgment,0,name_suffix,90|1|1000295,,,
97,disp_5,90,1,1502232,0,12/22/2015,03/03/2016,410,1,1,missing,"GRAY TELEVISION, INC., ET AL",UNITED STATES OF AMERICA,5,1,consent_judgment,0,name_suffix,90|1|1502232,,,
98,disp_5,90,1,1601803,0,09/09/2016,12/22/2020,850,1,1,missing,"RPM INTERNATIONAL, INC., ET AL",SECURITIES AND EXCHANGE COMMIS,5,1,consent_judgment,0,name_suffix,90|1|1601803,,,
99,disp_5,90,1,1802243,0,09/27/2018,03/05/2019,850,1,1,missing,"1POOL LTD. , ET AL",COMMODITY FUTURES TRADING COMM,5,1,consent_judgment,0,name_suffix,90|1|1802243,,,
100,disp_5,90,1,1901592,0,05/30/2019,09/13/2019,410,1,1,missing,"AMCOR LTD., ET AL",UNITED STATES OF AMERICA,5,1,consent_judgment,0,name_suffix,90|1|1901592,,,
101,judgment,08,1,1004562,2,06/10/2010,03/29/2013,850,1,3,missing,"CANADIAN SOLAR INC., ET AL","YU, ET AL",17,2,judgment_for_defendant,0,name_suffix,08|1|1004562,,,
102,judgment,08,1,1107132,2,10/11/2011,05/14/2014,850,1,3,missing,"AEROPOSTALE, INC., ET AL","ARBUTHNOT, ET AL",17,1,judgment_for_plaintiff,0,name_suffix,08|1|1107132,,,
103,judgment,08,1,1208478,2,11/20/2012,11/13/2015,850,1,3,missing,"SINOHUB, INC., ET AL","ELLSWORTH INVESTMENTS L, ET AL",17,1,judgment_for_plaintiff,0,name_suffix,08|1|1208478,,,
104,judgment,08,1,1304790,2,07/10/2013,10/01/2013,850,1,3,missing,"LINNCO, LLC, ET AL","LUCIANO, ET AL",6,2,judgment_for_defendant,0,name_suffix,08|1|1304790,,,
105,judgment,08,1,1306882,2,09/27/2013,03/31/2015,850,1,3,missing,"FRANCESCA'S HOLDINGS CO, ET AL","ORTUZAR, ET AL",6,2,judgment_for_defendant,0,name_suffix,08|1|1306882,,,
106,judgment,08,1,1703501,2,05/10/2017,02/06/2019,850,1,3,missing,"RACKSPACE HOSTING, INC., ET AL","CITY OF WARWICK MUNICIP, ET AL",6,2,judgment_for_defendant,0,name_suffix,08|1|1703501,,,
107,judgment,08,1,2000577,2,01/22/2020,12/07/2022,850,1,3,missing,"QUDIAN INC., ET AL","BELLINGHAM, ET AL",17,2,judgment_for_defendant,0,name_suffix,08|1|2000577,,,
108,judgment,08,1,2007772,2,09/21/2020,07/13/2023,850,1,3,missing,"NEXTCURE, INC., ET AL",ZHOU,6,2,judgment_for_defendant,0,name_suffix,08|1|2007772,,,
109,judgment,08,1,2008647,2,10/16/2020,10/18/2024,850,1,3,missing,"EVOLUS, INC., ET AL","MALAKOUTI , ET AL",6,2,judgment_for_defendant,0,name_suffix,08|1|2008647,,,
110,judgment,08,7,2010795,2,12/21/2020,09/08/2022,850,1,3,missing,"TRITERRAS, INC., ET AL","FERRAIORI, ET AL",17,1,judgment_for_plaintiff,0,name_suffix,08|7|2010795,,,
111,judgment,12,2,1401269,3,02/27/2014,07/15/2015,850,1,3,missing,"IMMUNOMEDICS, INC., ET AL","NASYROVA, ET AL",6,2,judgment_for_defendant,0,name_suffix,12|2|1401269,,,
112,judgment,12,2,1914146,3,06/24/2019,10/27/2021,410,6,3,missing,"JANSSEN BIOTECH INC, ET AL","LOUISIANA HEALTH SERVIC, ET AL",6,2,judgment_for_defendant,0,name_suffix,12|2|1914146,,,
113,judgment,3E,1,0903293,11,11/24/2009,08/27/2013,850,1,3,missing,"THE TACO MAKER, INC., ET AL",SOLIS,6,2,judgment_for_defendant,0,name_suffix,3E|1|0903293,,,
114,judgment,45,2,1614005,6,11/10/2016,08/20/2019,850,1,3,missing,"DIPLOMAT PHARMACY, INC., ET AL","ZIMMERMAN, ET AL",6,1,judgment_for_plaintiff,0,name_suffix,45|2|1614005,,,
115,judgment,71,5,1002604,9,06/17/2010,12/10/2015,850,1,3,missing,"CELERA CORPORATION , ET AL","WASHTENAW COUNTY EMPLOY, ET AL",6,3,judgment_other,0,name_suffix,71|5|1002604,,,
116,judgment,73,2,1001468,9,02/26/2010,08/10/2011,850,1,3,missing,"PETROREAL ENERGY, INC., ET AL",GILL,6,1,judgment_for_plaintiff,0,name_suffix,73|2|1001468,,,
117,judgment,73,2,1006256,9,08/23/2010,09/27/2013,850,1,3,missing,"CVB FINANCIAL CORP., ET AL","LLOYD, ET AL",6,2,judgment_for_defendant,0,name_suffix,73|2|1006256,,,
118,judgment,73,2,1405263,9,07/08/2014,10/23/2017,850,1,3,missing,"STAAR SURGICAL COMPANY, ET AL",TODD,17,1,judgment_for_plaintiff,0,name_suffix,73|2|1405263,,,
119,judgment,73,2,1701905,9,03/09/2017,01/08/2018,850,1,3,missing,"NOTIS GLOBAL, INC., ET AL",SECURITIES AND EXCHANGE COMMIS,17,1,judgment_for_plaintiff,0,name_suffix,73|2|1701905,,,
120,judgment,73,2,1803579,9,04/27/2018,12/13/2018,850,1,3,missing,"MOLINA HEALTHCARE, INC., ET AL",STEAMFITTERS LOCAL 449 PENSION,6,2,judgment_for_defendant,0,name_suffix,73|2|1803579,,,
121,judgment,73,8,1701868,9,10/25/2017,05/29/2018,850,5,3,missing,"MONEX CREDIT COMPANY, ET AL",COMMODITY FUTURES TRADING COMM,6,2,judgment_for_defendant,0,name_suffix,73|8|1701868,,,
122,judgment,79,3,1400435,9,03/17/2014,11/21/2017,850,1,3,missing,"GALENA BIOPHARMA, INC., ET AL","JANG, ET AL",6,1,judgment_for_plaintiff,0,name_suffix,79|3|1400435,,,
123,judgment,83,2,2002180,10,04/06/2020,08/31/2021,850,1,3,missing,"MGP INGREDIENTS, INC., ET AL",CITY OF MIAMI FIRE FIGHTERS' A,6,2,judgment_for_defendant,0,name_suffix,83|2|2002180,,,
124,judgment,90,1,1001890,0,11/04/2010,11/05/2010,850,1,1,missing,GLOBALSANTAFE CORP.,SECURITIES AND EXCHANGE COMMIS,17,1,judgment_for_plaintiff,0,name_suffix,90|1|1001890,,,
125,judgment,90,1,1701176,0,06/15/2017,10/19/2017,410,1,1,missing,"DOW CHEMICAL COMPANY, ET AL","UNITED STATES OF AMERIC, ET AL",17,4,judgment_other,0,name_suffix,90|1|1701176,,,
126,other_dismissal,07,1,1303074,2,05/24/2013,01/27/2017,410,1,3,missing,"NATIONAL ASSOCIATION OF, ET AL","VISA U.S.A., INC., ET AL",14,0,other_dismissal,0,name_suffix,07|1|1303074,,,
127,other_dismissal,08,1,1000630,2,01/27/2010,02/09/2010,410,6,3,missing,"BANK OF AMERICA, N.A.",REDEVELOPMENT AGENCY OF THE CI,14,-8,other_dismissal,0,name_suffix,08|1|1000630,,,
128,other_dismissal,08,1,1003310,2,04/20/2010,05/04/2010,850,1,3,missing,"CITIGROUP, INC., ET AL","BANCA CARIGE S.P.A.-CAS, ET AL",14,-8,other_dismissal,0,name_suffix,08|1|1003310,,,
129,other_dismissal,08,1,1909258,2,10/07/2019,06/29/2020,850,1,3,missing,"ABIOMED, INC., ET AL",BARRY,14,0,other_dismissal,0,name_suffix,08|1|1909258,,,
130,other_dismissal,11,1,1000260,3,03/31/2010,08/31/2015,410,1,3,missing,"EATON CORPORATION, ET AL","WALLACH, ET AL",14,0,other_dismissal,0,name_suffix,11|1|1000260,,,
131,other_dismissal,11,1,1700131,3,02/07/2017,05/02/2019,410,1,1,missing,SHIRE VIROPHARMA INC.,FEDERAL TRADE COMMISSION,14,0,other_dismissal,0,name_suffix,11|1|1700131,,,
132,other_dismissal,12,3,2006255,3,05/22/2020,07/16/2020,410,1,3,missing,"PFIZER, INC., ET AL","CESAR CASTILLO, LLC",14,0,other_dismissal,0,name_suffix,12|3|2006255,,,
133,other_dismissal,13,2,1701846,3,04/24/2017,02/21/2019,410,5,3,missing,"TELIGENT, INC., ET AL","CESAR CASTILLO, INC.",14,0,other_dismissal,0,name_suffix,13|2|1701846,,,
134,other_dismissal,13,2,1805174,3,11/29/2018,05/28/2024,410,1,3,missing,"ROYAL DUTCH SHELL PLC, ET AL","FUENTES, ET AL",14,0,other_dismissal,0,name_suffix,13|2|1805174,,,
135,other_dismissal,26,2,1900519,11,04/02/2019,03/26/2021,410,1,3,missing,"BUFFALO ROCK COMPANY, ET AL",DUDLEY,14,0,other_dismissal,0,name_suffix,26|2|1900519,,,
136,other_dismissal,3C,9,1180364,11,04/06/2011,07/31/2012,850,1,3,missing,"OFFICE DEPOT, INC., ET AL",CLIMO,14,0,other_dismissal,0,name_suffix,3C|9|1180364,,,
137,other_dismissal,3E,1,1002089,11,07/06/2010,07/23/2010,410,1,3,missing,"KASON INDUSTRIES, INC., ET AL","MASSE, ET AL",14,-8,other_dismissal,0,name_suffix,3E|1|1002089,,,
138,other_dismissal,42,1,1601342,5,12/29/2016,12/06/2018,850,1,3,missing,"CTS PROPERTIES, LTD., ET AL","ROYALTY CLEARINGHOUSE, LTD.",14,0,other_dismissal,0,name_suffix,42|1|1601342,,,
139,other_dismissal,47,3,1110011,6,05/25/2011,12/23/2015,410,6,3,missing,"CARPENTER COMPANY, ET AL",FACTORY DIRECT INC,14,0,other_dismissal,0,name_suffix,47|3|1110011,,,
140,other_dismissal,50,3,1401564,6,07/31/2014,09/21/2018,850,1,3,missing,"BANCORPSOUTH, INC., ET AL","BURGES, ET AL",14,0,other_dismissal,0,name_suffix,50|3|1401564,,,
141,other_dismissal,52,1,1503517,7,04/22/2015,06/04/2015,850,1,3,missing,"KRAFT FOODS GROUP, INC., ET AL","WHITE OAK FUND, LP",14,0,other_dismissal,0,name_suffix,52|1|1503517,,,
142,other_dismissal,52,1,1801713,7,03/08/2018,03/13/2020,850,1,3,missing,"AKORN, INC., ET AL","JOSHI LIVING TRUST, ET AL",14,0,other_dismissal,0,name_suffix,52|1|1801713,,,
143,other_dismissal,57,2,1601201,7,09/06/2016,10/12/2016,850,1,3,missing,"JOY GLOBAL INC, ET AL",TANSEY,14,0,other_dismissal,0,name_suffix,57|2|1601201,,,
144,other_dismissal,71,4,1806922,9,11/15/2018,03/23/2022,850,1,3,missing,"FITBIT, INC., ET AL",PATTI,14,0,other_dismissal,0,name_suffix,71|4|1806922,,,
145,other_dismissal,73,2,1204782,9,05/31/2012,12/18/2012,410,1,3,missing,"COLLECTORS UNIVERSE INC, ET AL","DOMINICK, ET AL",14,0,other_dismissal,0,name_suffix,73|2|1204782,,,
146,other_dismissal,73,2,1608295,9,11/08/2016,01/29/2018,850,1,3,missing,"INFUSYSTEM HOLDINGS, IN, ET AL","LECHNER, ET AL",14,0,other_dismissal,0,name_suffix,73|2|1608295,,,
147,other_dismissal,73,2,2103671,9,04/29/2021,12/13/2021,160,1,3,missing,"GOODRX HOLDINGS, INC., ET AL","PATEL, ET AL",14,0,other_dismissal,0,name_suffix,73|2|2103671,,,
148,other_dismissal,74,3,1000138,9,01/19/2010,02/09/2016,410,6,3,missing,"GUITAR CENTER, INC., ET AL",MELTON,14,0,other_dismissal,0,name_suffix,74|3|1000138,,,
149,other_dismissal,74,3,1600019,9,01/06/2016,09/22/2023,410,6,3,missing,"BUMBLE BEE FOODS LLC, ET AL","DAMSKE, ET AL",14,0,other_dismissal,0,name_suffix,74|3|1600019,,,
150,other_dismissal,78,2,1400574,9,04/15/2014,02/13/2015,160,1,4,24,RINO INTERNATIONAL CORPORATION,SAMMONS,14,0,other_dismissal,0,name_suffix,78|2|1400574,,,
